<?xml version="1.0" encoding="utf-8" ?>
<tincan xmlns="http://projecttincan.com/tincan.xsd">
    <activities>
        <activity id="http://id.site.com/activity/ktg_cybersecurity_3_ru_1649050417281" type="http://adlnet.gov/expapi/activities/course">
            <name>Обеспечение информационной безопасности компании</name>
            <description>Обеспечение информационной безопасности компании</description>
            <launch>index.html</launch>
        </activity>
    </activities>
</tincan>